<?xml version="1.0" encoding="UTF-8"?>
<project-private xmlns="http://www.netbeans.org/ns/project-private/1">
    <editor-bookmarks xmlns="http://www.netbeans.org/ns/editor-bookmarks/2" lastBookmarkId="0"/>
    <open-files xmlns="http://www.netbeans.org/ns/projectui-open-files/2">
        <group>
            <file>file:/C:/Users/HP/Desktop/POO2963/Unit%202/Workshop/Workshop19/Polimorfismo/src/ec/edu/espe/model/Polimorfism/Monkey.java</file>
            <file>file:/C:/Users/HP/Desktop/POO2963/Unit%202/Workshop/Workshop19/Polimorfismo/src/ec/edu/espe/model/Polimorfism/Animal.java</file>
            <file>file:/C:/Users/HP/Desktop/POO2963/Unit%202/Workshop/Workshop19/Polimorfismo/src/ec/edu/espe/model/Polimorfism/Polimorfismo.java</file>
            <file>file:/C:/Users/HP/Desktop/POO2963/Unit%202/Workshop/Workshop19/Polimorfismo/src/ec/edu/espe/model/Polimorfism/Fish.java</file>
            <file>file:/C:/Users/HP/Desktop/POO2963/Unit%202/Workshop/Workshop19/Polimorfismo/src/ec/edu/espe/model/Polimorfism/Toad.java</file>
            <file>file:/C:/Users/HP/Desktop/POO2963/Unit%202/Workshop/Workshop19/Polimorfismo/src/ec/edu/espe/model/Polimorfism/Mammal.java</file>
            <file>file:/C:/Users/HP/Desktop/POO2963/Unit%202/Workshop/Workshop19/Polimorfismo/src/ec/edu/espe/model/Polimorfism/Reptile.java</file>
            <file>file:/C:/Users/HP/Desktop/POO2963/Unit%202/Workshop/Workshop19/Polimorfismo/src/ec/edu/espe/model/Polimorfism/Cage.java</file>
            <file>file:/C:/Users/HP/Desktop/POO2963/Unit%202/Workshop/Workshop19/Polimorfismo/src/ec/edu/espe/model/Polimorfism/Bird.java</file>
            <file>file:/C:/Users/HP/Desktop/POO2963/Unit%202/Workshop/Workshop19/Polimorfismo/src/ec/edu/espe/model/Polimorfism/Ostrich.java</file>
            <file>file:/C:/Users/HP/Desktop/POO2963/Unit%202/Workshop/Workshop19/Polimorfismo/src/ec/edu/espe/model/Polimorfism/Amphibian.java</file>
            <file>file:/C:/Users/HP/Desktop/POO2963/Unit%202/Workshop/Workshop19/Polimorfismo/src/ec/edu/espe/model/Polimorfism/Iguana.java</file>
        </group>
    </open-files>
</project-private>
