<?xml version="1.0" encoding="UTF-8"?>
<project-private xmlns="http://www.netbeans.org/ns/project-private/1">
    <editor-bookmarks xmlns="http://www.netbeans.org/ns/editor-bookmarks/2" lastBookmarkId="0"/>
    <open-files xmlns="http://www.netbeans.org/ns/projectui-open-files/2">
        <group>
            <file>file:/C:/Users/carli/Desktop/Nueva%20carpeta%20(2)/Proyecto/03%20Codigo/FastPay/src/ec/edu/espe/FastPay/controller/Sale.java</file>
            <file>file:/C:/Users/carli/Desktop/Nueva%20carpeta%20(2)/Proyecto/03%20Codigo/FastPay/src/ec/edu/espe/FastPay/controller/Administrator.java</file>
            <file>file:/C:/Users/carli/Desktop/Nueva%20carpeta%20(2)/Proyecto/03%20Codigo/FastPay/src/ec/edu/espe/FastPay/model/Cash.java</file>
            <file>file:/C:/Users/carli/Desktop/Nueva%20carpeta%20(2)/Proyecto/03%20Codigo/FastPay/src/ec/edu/espe/FastPay/view/FastPay.java</file>
            <file>file:/C:/Users/carli/Desktop/Nueva%20carpeta%20(2)/Proyecto/03%20Codigo/FastPay/src/ec/edu/espe/FastPay/controller/Provider.java</file>
            <file>file:/C:/Users/carli/Desktop/Nueva%20carpeta%20(2)/Proyecto/03%20Codigo/FastPay/src/ec/edu/espe/FastPay/controller/User.java</file>
            <file>file:/C:/Users/carli/Desktop/Nueva%20carpeta%20(2)/Proyecto/03%20Codigo/FastPay/src/ec/edu/espe/FastPay/controller/Entry.java</file>
            <file>file:/C:/Users/carli/Desktop/Nueva%20carpeta%20(2)/Proyecto/03%20Codigo/FastPay/src/ec/edu/espe/FastPay/model/Check.java</file>
            <file>file:/C:/Users/carli/Desktop/Nueva%20carpeta%20(2)/Proyecto/03%20Codigo/FastPay/src/ec/edu/espe/FastPay/controller/Article.java</file>
        </group>
    </open-files>
</project-private>
